{"paths": {"admin/js/vendor/select2/i18n/af.js": "admin/js/vendor/select2/i18n/af.4f6fcd73488c.js", "admin/js/vendor/select2/i18n/ar.js": "admin/js/vendor/select2/i18n/ar.65aa8e36bf5d.js", "admin/js/vendor/select2/i18n/az.js": "admin/js/vendor/select2/i18n/az.270c257daf81.js", "admin/js/vendor/select2/i18n/bg.js": "admin/js/vendor/select2/i18n/bg.39b8be30d4f0.js", "admin/js/vendor/select2/i18n/bn.js": "admin/js/vendor/select2/i18n/bn.6d42b4dd5665.js", "admin/js/vendor/select2/i18n/bs.js": "admin/js/vendor/select2/i18n/bs.91624382358e.js", "admin/js/vendor/select2/i18n/ca.js": "admin/js/vendor/select2/i18n/ca.a166b745933a.js", "admin/js/vendor/select2/i18n/cs.js": "admin/js/vendor/select2/i18n/cs.4f43e8e7d33a.js", "admin/js/vendor/select2/i18n/da.js": "admin/js/vendor/select2/i18n/da.766346afe4dd.js", "admin/js/vendor/select2/i18n/de.js": "admin/js/vendor/select2/i18n/de.8a1c222b0204.js", "admin/js/vendor/select2/i18n/dsb.js": "admin/js/vendor/select2/i18n/dsb.56372c92d2f1.js", "admin/js/vendor/select2/i18n/el.js": "admin/js/vendor/select2/i18n/el.27097f071856.js", "admin/js/vendor/select2/i18n/en.js": "admin/js/vendor/select2/i18n/en.cf932ba09a98.js", "admin/js/vendor/select2/i18n/es.js": "admin/js/vendor/select2/i18n/es.66dbc2652fb1.js", "admin/js/vendor/select2/i18n/et.js": "admin/js/vendor/select2/i18n/et.2b96fd98289d.js", "admin/js/vendor/select2/i18n/eu.js": "admin/js/vendor/select2/i18n/eu.adfe5c97b72c.js", "admin/js/vendor/select2/i18n/fa.js": "admin/js/vendor/select2/i18n/fa.3b5bd1961cfd.js", "admin/js/vendor/select2/i18n/fi.js": "admin/js/vendor/select2/i18n/fi.614ec42aa9ba.js", "admin/js/vendor/select2/i18n/fr.js": "admin/js/vendor/select2/i18n/fr.05e0542fcfe6.js", "admin/js/vendor/select2/i18n/gl.js": "admin/js/vendor/select2/i18n/gl.d99b1fedaa86.js", "admin/js/vendor/select2/i18n/he.js": "admin/js/vendor/select2/i18n/he.e420ff6cd3ed.js", "admin/js/vendor/select2/i18n/hi.js": "admin/js/vendor/select2/i18n/hi.70640d41628f.js", "admin/js/vendor/select2/i18n/hr.js": "admin/js/vendor/select2/i18n/hr.a2b092cc1147.js", "admin/js/vendor/select2/i18n/hsb.js": "admin/js/vendor/select2/i18n/hsb.fa3b55265efe.js", "admin/js/vendor/select2/i18n/hu.js": "admin/js/vendor/select2/i18n/hu.6ec6039cb8a3.js", "admin/js/vendor/select2/i18n/hy.js": "admin/js/vendor/select2/i18n/hy.c7babaeef5a6.js", "admin/js/vendor/select2/i18n/id.js": "admin/js/vendor/select2/i18n/id.04debded514d.js", "admin/js/vendor/select2/i18n/is.js": "admin/js/vendor/select2/i18n/is.3ddd9a6a97e9.js", "admin/js/vendor/select2/i18n/it.js": "admin/js/vendor/select2/i18n/it.be4fe8d365b5.js", "admin/js/vendor/select2/i18n/ja.js": "admin/js/vendor/select2/i18n/ja.170ae885d74f.js", "admin/js/vendor/select2/i18n/ka.js": "admin/js/vendor/select2/i18n/ka.2083264a54f0.js", "admin/js/vendor/select2/i18n/km.js": "admin/js/vendor/select2/i18n/km.c23089cb06ca.js", "admin/js/vendor/select2/i18n/ko.js": "admin/js/vendor/select2/i18n/ko.e7be6c20e673.js", "admin/js/vendor/select2/i18n/lt.js": "admin/js/vendor/select2/i18n/lt.23c7ce903300.js", "admin/js/vendor/select2/i18n/lv.js": "admin/js/vendor/select2/i18n/lv.08e62128eac1.js", "admin/js/vendor/select2/i18n/mk.js": "admin/js/vendor/select2/i18n/mk.dabbb9087130.js", "admin/js/vendor/select2/i18n/ms.js": "admin/js/vendor/select2/i18n/ms.4ba82c9a51ce.js", "admin/js/vendor/select2/i18n/nb.js": "admin/js/vendor/select2/i18n/nb.da2fce143f27.js", "admin/js/vendor/select2/i18n/ne.js": "admin/js/vendor/select2/i18n/ne.3d79fd3f08db.js", "admin/js/vendor/select2/i18n/nl.js": "admin/js/vendor/select2/i18n/nl.997868a37ed8.js", "admin/js/vendor/select2/i18n/pl.js": "admin/js/vendor/select2/i18n/pl.6031b4f16452.js", "admin/js/vendor/select2/i18n/ps.js": "admin/js/vendor/select2/i18n/ps.38dfa47af9e0.js", "admin/js/vendor/select2/i18n/pt-BR.js": "admin/js/vendor/select2/i18n/pt-BR.e1b294433e7f.js", "admin/js/vendor/select2/i18n/pt.js": "admin/js/vendor/select2/i18n/pt.33b4a3b44d43.js", "admin/js/vendor/select2/i18n/ro.js": "admin/js/vendor/select2/i18n/ro.f75cb460ec3b.js", "admin/js/vendor/select2/i18n/ru.js": "admin/js/vendor/select2/i18n/ru.934aa95f5b5f.js", "admin/js/vendor/select2/i18n/sk.js": "admin/js/vendor/select2/i18n/sk.33d02cef8d11.js", "admin/js/vendor/select2/i18n/sl.js": "admin/js/vendor/select2/i18n/sl.131a78bc0752.js", "admin/js/vendor/select2/i18n/sq.js": "admin/js/vendor/select2/i18n/sq.5636b60d29c9.js", "admin/js/vendor/select2/i18n/sr-Cyrl.js": "admin/js/vendor/select2/i18n/sr-Cyrl.f254bb8c4c7c.js", "admin/js/vendor/select2/i18n/sr.js": "admin/js/vendor/select2/i18n/sr.5ed85a48f483.js", "admin/js/vendor/select2/i18n/sv.js": "admin/js/vendor/select2/i18n/sv.7a9c2f71e777.js", "admin/js/vendor/select2/i18n/th.js": "admin/js/vendor/select2/i18n/th.f38c20b0221b.js", "admin/js/vendor/select2/i18n/tk.js": "admin/js/vendor/select2/i18n/tk.7c572a68c78f.js", "admin/js/vendor/select2/i18n/tr.js": "admin/js/vendor/select2/i18n/tr.b5a0643d1545.js", "admin/js/vendor/select2/i18n/uk.js": "admin/js/vendor/select2/i18n/uk.8cede7f4803c.js", "admin/js/vendor/select2/i18n/vi.js": "admin/js/vendor/select2/i18n/vi.097a5b75b3e1.js", "admin/js/vendor/select2/i18n/zh-CN.js": "admin/js/vendor/select2/i18n/zh-CN.2cff662ec5f9.js", "admin/js/vendor/select2/i18n/zh-TW.js": "admin/js/vendor/select2/i18n/zh-TW.04554a227c2b.js", "admin/css/vendor/select2/LICENSE-SELECT2.md": "admin\\css\\vendor\\select2\\LICENSE-SELECT2.f94142512c91.md", "admin/css/vendor/select2/select2.css": "admin/css/vendor/select2/select2.a2194c262648.css", "admin/css/vendor/select2/select2.min.css": "admin/css/vendor/select2/select2.min.9f54e6414f87.css", "admin/js/vendor/jquery/jquery.js": "admin/js/vendor/jquery/jquery.0208b96062ba.js", "admin/js/vendor/jquery/jquery.min.js": "admin/js/vendor/jquery/jquery.min.641dd1437010.js", "admin/js/vendor/jquery/LICENSE.txt": "admin\\js\\vendor\\jquery\\LICENSE.de877aa6d744.txt", "admin/js/vendor/select2/LICENSE.md": "admin\\js\\vendor\\select2\\LICENSE.f94142512c91.md", "admin/js/vendor/select2/select2.full.js": "admin/js/vendor/select2/select2.full.c2afdeda3058.js", "admin/js/vendor/select2/select2.full.min.js": "admin/js/vendor/select2/select2.full.min.fcd7500d8e13.js", "admin/js/vendor/xregexp/LICENSE.txt": "admin\\js\\vendor\\xregexp\\LICENSE.bf79e414957a.txt", "admin/js/vendor/xregexp/xregexp.js": "admin/js/vendor/xregexp/xregexp.efda034b9537.js", "admin/js/vendor/xregexp/xregexp.min.js": "admin/js/vendor/xregexp/xregexp.min.b0439563a5d3.js", "admin/img/gis/move_vertex_off.svg": "admin\\img\\gis\\move_vertex_off.7a23bf31ef8a.svg", "admin/img/gis/move_vertex_on.svg": "admin\\img\\gis\\move_vertex_on.0047eba25b67.svg", "admin/js/admin/DateTimeShortcuts.js": "admin/js/admin/DateTimeShortcuts.9f6e209cebca.js", "admin/js/admin/RelatedObjectLookups.js": "admin/js/admin/RelatedObjectLookups.8609f99b9ab2.js", "images/Baby-Wear/021ee7c1af126ba3c9b61f6d9427c717.jpg": "images\\Baby-Wear\\021ee7c1af126ba3c9b61f6d9427c717.2ef9f01d605f.jpg", "images/Baby-Wear/5306cd6f7f2addaa021ea26772bac807.jpg": "images\\Baby-Wear\\5306cd6f7f2addaa021ea26772bac807.2995fe98c928.jpg", "images/Baby-Wear/8756ba2a8da88675300153fb1f6b71f2.jpg": "images\\Baby-Wear\\8756ba2a8da88675300153fb1f6b71f2.738ddd2a1ab8.jpg", "images/Baby-Wear/ad130e5d50b5e0c6916e7ab57376bb86.jpg": "images\\Baby-Wear\\ad130e5d50b5e0c6916e7ab57376bb86.5cfa4f3c891a.jpg", "images/Baby-Wear/baby1.jpg": "images\\Baby-Wear\\baby1.63790ae34a15.jpg", "images/Jewerly/0d5d2674f35f4ab1c6c97711865f5601.jpg": "images\\Jewerly\\0d5d2674f35f4ab1c6c97711865f5601.b8bc11c88da1.jpg", "images/Jewerly/959d20787fd5a8a0862fcb1668c7d646.jpg": "images\\Jewerly\\959d20787fd5a8a0862fcb1668c7d646.66b379820ad6.jpg", "images/Jewerly/fa49613354a5338ae5ed20d810410e52.jpg": "images\\Jewerly\\fa49613354a5338ae5ed20d810410e52.5f8a9b7a6262.jpg", "images/Jewerly/ff0660dccc98f5d6e40bfdf631750ff4.jpg": "images\\Jewerly\\ff0660dccc98f5d6e40bfdf631750ff4.f382f96bd884.jpg", "images/Kids/333d21f2984944b87178b7b02d014922.jpg": "images\\Kids\\333d21f2984944b87178b7b02d014922.5f73fc99f3a8.jpg", "images/Kids/564819c595cefc45cacc0b9d2d6c2a63.jpg": "images\\Kids\\564819c595cefc45cacc0b9d2d6c2a63.b68e56a8468c.jpg", "images/Kids/597965dcd08bfc922668f2958101bf72.jpg": "images\\Kids\\597965dcd08bfc922668f2958101bf72.6a5246bff18a.jpg", "images/Ladies-Wear/IMG-20251028-WA0261.jpg": "images\\Ladies-Wear\\IMG-20251028-WA0261.2cffd7b26a00.jpg", "images/Ladies-Wear/IMG-20251028-WA0262.jpg": "images\\Ladies-Wear\\IMG-20251028-WA0262.438f054eeb58.jpg", "images/Ladies-Wear/IMG-20251028-WA0263.jpg": "images\\Ladies-Wear\\IMG-20251028-WA0263.e194c9b0636b.jpg", "images/Ladies-Wear/IMG-20251029-WA0007.jpg": "images\\Ladies-Wear\\IMG-20251029-WA0007.b40101e4192a.jpg", "images/Ladies-Wear/IMG-20251029-WA0008.jpg": "images\\Ladies-Wear\\IMG-20251029-WA0008.b0190c234ecc.jpg", "images/Ladies-Wear/IMG-20251029-WA0009.jpg": "images\\Ladies-Wear\\IMG-20251029-WA0009.f76149a01a0d.jpg", "images/Ladies-Wear/IMG-20251029-WA0010.jpg": "images\\Ladies-Wear\\IMG-20251029-WA0010.fba6d084b83d.jpg", "images/Ladies-Wear/IMG-20251029-WA0011.jpg": "images\\Ladies-Wear\\IMG-20251029-WA0011.34246a1cdbdd.jpg", "images/Ladies-Wear/IMG-20251029-WA0012.jpg": "images\\Ladies-Wear\\IMG-20251029-WA0012.04e03482b446.jpg", "images/Ladies-Wear/IMG-20251029-WA0013.jpg": "images\\Ladies-Wear\\IMG-20251029-WA0013.48e2adf5eb5f.jpg", "images/Ladies-Wear/lady1.jpg": "images\\Ladies-Wear\\lady1.006062e29bac.jpg", "images/Mens-Wear/IMG-20251028-WA0080.jpg": "images\\Mens-Wear\\IMG-20251028-WA0080.032d9a7e7103.jpg", "images/Mens-Wear/IMG-20251028-WA0081.jpg": "images\\Mens-Wear\\IMG-20251028-WA0081.178453a47d3a.jpg", "images/Mens-Wear/IMG-20251028-WA0082.jpg": "images\\Mens-Wear\\IMG-20251028-WA0082.14c782c14b22.jpg", "images/Mens-Wear/IMG-20251028-WA0175.jpg": "images\\Mens-Wear\\IMG-20251028-WA0175.c5fda27f175a.jpg", "images/Mens-Wear/IMG-20251028-WA0233.jpg": "images\\Mens-Wear\\IMG-20251028-WA0233.9f3b2f6ef53b.jpg", "images/Mens-Wear/IMG-20251028-WA0243.jpg": "images\\Mens-Wear\\IMG-20251028-WA0243.16e0b1350b1e.jpg", "images/Mens-Wear/IMG-20251028-WA0244.jpg": "images\\Mens-Wear\\IMG-20251028-WA0244.dc076fe1fd3c.jpg", "images/Mens-Wear/IMG-20251028-WA0245.jpg": "images\\Mens-Wear\\IMG-20251028-WA0245.8528aa6ef71b.jpg", "images/Mens-Wear/IMG-20251028-WA0246.jpg": "images\\Mens-Wear\\IMG-20251028-WA0246.5ca9d78e1544.jpg", "images/Mens-Wear/IMG-20251028-WA0247.jpg": "images\\Mens-Wear\\IMG-20251028-WA0247.afe421f02a98.jpg", "images/Mens-Wear/IMG-20251028-WA0248.jpg": "images\\Mens-Wear\\IMG-20251028-WA0248.982fcd51386b.jpg", "images/Mens-Wear/mens1.jpg": "images\\Mens-Wear\\mens1.9aa0729fd514.jpg", "images/Mens-Wear/mens2.jpg": "images\\Mens-Wear\\mens2.d436d7ce7791.jpg", "images/Mens-Wear/pexels-olly-3755706.jpg": "images\\Mens-Wear\\pexels-olly-3755706.ba67a0a5a037.jpg", "images/Shoes/2478ab2f34bcaaf2836569f7fc5d5dcb.jpg": "images\\Shoes\\2478ab2f34bcaaf2836569f7fc5d5dcb.1b896c7a2d17.jpg", "images/Shoes/9eb1737d5b3e4ea1167e6f5f9fdf66a1.jpg": "images\\Shoes\\9eb1737d5b3e4ea1167e6f5f9fdf66a1.47554d4afcb0.jpg", "images/Shoes/ab0fa12b36373a43dc5948ce11efde74.jpg": "images\\Shoes\\ab0fa12b36373a43dc5948ce11efde74.616d3c7e7c45.jpg", "images/Shoes/de4023692eed4167d9913120cb51cca0.jpg": "images\\Shoes\\de4023692eed4167d9913120cb51cca0.aa23893345f9.jpg", "images/Shoes/e025f27558fae304f8f13bdc8baf78b2.jpg": "images\\Shoes\\e025f27558fae304f8f13bdc8baf78b2.8cf7c057f4b9.jpg", "images/Shoes/e74a704bdca1ff65c00bb732cd330619.jpg": "images\\Shoes\\e74a704bdca1ff65c00bb732cd330619.59a9beb81c31.jpg", "images/Shoes/ed4ba61c0a3d2348a8eb020551b234d2.jpg": "images\\Shoes\\ed4ba61c0a3d2348a8eb020551b234d2.5c3329f71f8a.jpg", "images/Shoes/pexels-mnzoutfits-1639729.jpg": "images\\Shoes\\pexels-mnzoutfits-1639729.b11a185d53d4.jpg", "images/Shoes/shoe1.jpg": "images\\Shoes\\shoe1.32bd148a558b.jpg", "images/Sports-Wear/2b643bb11b789e20194ec7b4ca3c1f17.jpg": "images\\Sports-Wear\\2b643bb11b789e20194ec7b4ca3c1f17.436221bbf975.jpg", "images/Sports-Wear/2d8e0a9e7f0deae04dca08cb06d3acf6.jpg": "images\\Sports-Wear\\2d8e0a9e7f0deae04dca08cb06d3acf6.195da3d62172.jpg", "images/Sports-Wear/411763cbfe038246ece508f6826307ac.jpg": "images\\Sports-Wear\\411763cbfe038246ece508f6826307ac.d26b1518e338.jpg", "images/Sports-Wear/452abffa542b148855c33324c060b191.jpg": "images\\Sports-Wear\\452abffa542b148855c33324c060b191.1b74dacc0295.jpg", "images/Sports-Wear/9af654999e6d9208f6ad83fe8ea711b5.jpg": "images\\Sports-Wear\\9af654999e6d9208f6ad83fe8ea711b5.b4e0ee38fbef.jpg", "images/Sports-Wear/bc8700212ff80450857ffcf28e561bee.jpg": "images\\Sports-Wear\\bc8700212ff80450857ffcf28e561bee.04c7db438a70.jpg", "images/Sports-Wear/c7bbb4e65c04d8ab731615c376600c83.jpg": "images\\Sports-Wear\\c7bbb4e65c04d8ab731615c376600c83.b7d2070b1d28.jpg", "images/Sports-Wear/dd24d49db8fb6f0182ad26492ec24154.jpg": "images\\Sports-Wear\\dd24d49db8fb6f0182ad26492ec24154.17e436801d1c.jpg", "images/Sports-Wear/e02a514f08a975d92d92cabed3d77434.jpg": "images\\Sports-Wear\\e02a514f08a975d92d92cabed3d77434.2f47faf6180f.jpg", "images/Sports-Wear/ff32226947cfb1c52b404cb99f529ad2.jpg": "images\\Sports-Wear\\ff32226947cfb1c52b404cb99f529ad2.0f4cdb693ca5.jpg", "images/Watches/274be6743536026ef24046e0cfde8de5.jpg": "images\\Watches\\274be6743536026ef24046e0cfde8de5.77cd39318d4d.jpg", "images/Watches/28d405505b262d32d6d5c9428efe014a.jpg": "images\\Watches\\28d405505b262d32d6d5c9428efe014a.3d9dbc6edae9.jpg", "images/Watches/4f350c2978a5282f2dd4da1be5e8d853.jpg": "images\\Watches\\4f350c2978a5282f2dd4da1be5e8d853.eb796ea502d7.jpg", "images/Watches/592b674212634fe3d26d2150ac48a4f3.jpg": "images\\Watches\\592b674212634fe3d26d2150ac48a4f3.792c9ddd1b06.jpg", "images/Watches/5b5fa9d12ed56b127c9e00d830bb1d33.jpg": "images\\Watches\\5b5fa9d12ed56b127c9e00d830bb1d33.ebf8fb44586d.jpg", "images/Watches/5de6dd66ca1d3b3806ca20c896ff6082.jpg": "images\\Watches\\5de6dd66ca1d3b3806ca20c896ff6082.e8aacdabf7da.jpg", "images/Watches/90f33db7d190e102b3bf704f8ba221eb.jpg": "images\\Watches\\90f33db7d190e102b3bf704f8ba221eb.1566f0b0bf98.jpg", "images/Watches/a132dfd150f9e266aa4aa04e4a4b7957.jpg": "images\\Watches\\a132dfd150f9e266aa4aa04e4a4b7957.75f971e3893c.jpg", "images/Watches/ac17920f4a9fba4231eefa8ed0d68d32.jpg": "images\\Watches\\ac17920f4a9fba4231eefa8ed0d68d32.10da9bdc52f0.jpg", "images/Watches/fad625423343d65b47ed0eb8464e284f.jpg": "images\\Watches\\fad625423343d65b47ed0eb8464e284f.1c750239c73e.jpg", "images/Watches/watch1.jpg": "images\\Watches\\watch1.59884592151a.jpg", "admin/css/autocomplete.css": "admin/css/autocomplete.4a81fc4242d0.css", "admin/css/base.css": "admin/css/base.64976e0f7339.css", "admin/css/changelists.css": "admin/css/changelists.9237a1ac391b.css", "admin/css/dark_mode.css": "admin/css/dark_mode.ef27a31af300.css", "admin/css/dashboard.css": "admin/css/dashboard.e90f2068217b.css", "admin/css/forms.css": "admin/css/forms.3b181cba6653.css", "admin/css/login.css": "admin/css/login.586129c60a93.css", "admin/css/nav_sidebar.css": "admin/css/nav_sidebar.269a1bd44627.css", "admin/css/responsive.css": "admin/css/responsive.107cd2690311.css", "admin/css/responsive_rtl.css": "admin/css/responsive_rtl.97b066429fd8.css", "admin/css/rtl.css": "admin/css/rtl.4685390ad96d.css", "admin/css/widgets.css": "admin/css/widgets.0a3765e806b3.css", "admin/img/calendar-icons.svg": "admin\\img\\calendar-icons.39b290681a8b.svg", "admin/img/icon-addlink.svg": "admin\\img\\icon-addlink.d519b3bab011.svg", "admin/img/icon-alert.svg": "admin\\img\\icon-alert.034cc7d8a67f.svg", "admin/img/icon-calendar.svg": "admin\\img\\icon-calendar.ac7aea671bea.svg", "admin/img/icon-changelink.svg": "admin\\img\\icon-changelink.18d2fd706348.svg", "admin/img/icon-clock.svg": "admin\\img\\icon-clock.e1d4dfac3f2b.svg", "admin/img/icon-deletelink.svg": "admin\\img\\icon-deletelink.564ef9dc3854.svg", "admin/img/icon-no.svg": "admin\\img\\icon-no.439e821418cd.svg", "admin/img/icon-unknown-alt.svg": "admin\\img\\icon-unknown-alt.81536e128bb6.svg", "admin/img/icon-unknown.svg": "admin\\img\\icon-unknown.a18cb4398978.svg", "admin/img/icon-viewlink.svg": "admin\\img\\icon-viewlink.41eb31f7826e.svg", "admin/img/icon-yes.svg": "admin\\img\\icon-yes.d2f9f035226a.svg", "admin/img/inline-delete.svg": "admin\\img\\inline-delete.fec1b761f254.svg", "admin/img/LICENSE": "admin\\img\\LICENSE.2c54f4e1ca1c", "admin/img/README.txt": "admin\\img\\README.a70711a38d87.txt", "admin/img/search.svg": "admin\\img\\search.7cf54ff789c6.svg", "admin/img/selector-icons.svg": "admin\\img\\selector-icons.b4555096cea2.svg", "admin/img/sorting-icons.svg": "admin\\img\\sorting-icons.3a097b59f104.svg", "admin/img/tooltag-add.svg": "admin\\img\\tooltag-add.e59d620a9742.svg", "admin/img/tooltag-arrowright.svg": "admin\\img\\tooltag-arrowright.bbfb788a849e.svg", "admin/js/actions.js": "admin/js/actions.eac7e3441574.js", "admin/js/autocomplete.js": "admin/js/autocomplete.01591ab27be7.js", "admin/js/calendar.js": "admin/js/calendar.f8a5d055eb33.js", "admin/js/cancel.js": "admin/js/cancel.ecc4c5ca7b32.js", "admin/js/change_form.js": "admin/js/change_form.9d8ca4f96b75.js", "admin/js/collapse.js": "admin/js/collapse.f84e7410290f.js", "admin/js/core.js": "admin/js/core.cf103cd04ebf.js", "admin/js/filters.js": "admin/js/filters.0e360b7a9f80.js", "admin/js/inlines.js": "admin/js/inlines.22d4d93c00b4.js", "admin/js/jquery.init.js": "admin/js/jquery.init.b7781a0897fc.js", "admin/js/nav_sidebar.js": "admin/js/nav_sidebar.3b9190d420b1.js", "admin/js/popup_response.js": "admin/js/popup_response.c6cc78ea5551.js", "admin/js/prepopulate.js": "admin/js/prepopulate.bd2361dfd64d.js", "admin/js/prepopulate_init.js": "admin/js/prepopulate_init.6cac7f3105b8.js", "admin/js/SelectBox.js": "admin/js/SelectBox.7d3ce5a98007.js", "admin/js/SelectFilter2.js": "admin/js/SelectFilter2.bdb8d0cc579e.js", "admin/js/theme.js": "admin/js/theme.ab270f56bb9c.js", "admin/js/urlify.js": "admin/js/urlify.ae970a820212.js", "css/styles.css": "css/styles.dccb45864fbd.css", "images/chiz.jpg": "images\\chiz.cb88195cd361.jpg", "images/express.jpg": "images\\express.6d3ce75565ee.jpg", "images/fashion.jpg": "images\\fashion.8bc72e81c78e.jpg", "images/mun.jpg": "images\\mun.1cd7dfb863da.jpg", "images/pap.jpg": "images\\pap.ba0bf9764365.jpg", "images/placeholder.jpg": "images\\placeholder.cb88195cd361.jpg", "images/style-consult.jpg": "images\\style-consult.be4e3b917fa8.jpg", "js/checkout-map-tests.js": "js/checkout-map-tests.91857f93dd69.js", "js/main.js": "js/main.3a6c33ae9d10.js", "js/README-TESTS.md": "js\\README-TESTS.f77b7eb7fd8d.md"}, "version": "1.1", "hash": "a194552a35e3"}